marker,stage x,stage y,pixel x,pixel y
1,-0.200000,-4.754253,988,16785
2,-2.074751,-3.999670,9053,13546
3,-3.658012,-4.554308,15856,15931
4,-1.025840,-2.237629,4538,5963
5,-3.762216,-3.550817,16301,11618
